Match,Week,Day,Date,Time,Winner/tie,,Loser/tie,,PtsTotal,Pts,Pts,YdsW,TOW,YdsL,TOL,Hteam,Vteam,CityStateCountry,City,Attendance
1,1,Thu,2019-09-05,8:20PM,Green Bay Packers,@,Chicago Bears,boxscore,13,10,3,213,0,254,1,Chicago Bears,Green Bay Packers,"Chicago, IL, United States",Chicago,62435
2,1,Sun,2019-09-08,1:00PM,Minnesota Vikings,,Atlanta Falcons,boxscore,40,28,12,269,0,345,3,Minnesota Vikings,Atlanta Falcons,"Minneapolis, MN, United States",Minneapolis,66714
3,1,Sun,2019-09-08,1:00PM,Buffalo Bills,@,New York Jets,boxscore,33,17,16,370,4,223,1,New York Jets,Buffalo Bills,"East Rutherford, NJ, United States",East-Rutherford,78523
4,1,Sun,2019-09-08,1:00PM,Philadelphia Eagles,,Washington Redskins,boxscore,59,32,27,436,0,398,0,Philadelphia Eagles,Washington Redskins,"Philadelphia, PA, United States",Philadelphia,69696
5,1,Sun,2019-09-08,1:00PM,Tennessee Titans,@,Cleveland Browns,boxscore,56,43,13,339,0,346,3,Cleveland Browns,Tennessee Titans,"Cleveland, OH, United States",Cleveland,67431
6,1,Sun,2019-09-08,1:00PM,Los Angeles Rams,@,Carolina Panthers,boxscore,57,30,27,349,1,343,3,Carolina Panthers,Los Angeles Rams,"Charlotte, NC, United States",Charlotte,72005
7,1,Sun,2019-09-08,1:00PM,Kansas City Chiefs,@,Jacksonville Jaguars,boxscore,66,40,26,491,0,428,2,Jacksonville Jaguars,Kansas City Chiefs,"Jacksonville, FL, United States",Jacksonville,60157
8,1,Sun,2019-09-08,1:00PM,Baltimore Ravens,@,Miami Dolphins,boxscore,69,59,10,643,0,200,3,Miami Dolphins,Baltimore Ravens,"Miami Gardens, FL, United States",Miami-Gardens,65012
9,1,Sun,2019-09-08,4:05PM,Seattle Seahawks,,Cincinnati Bengals,boxscore,41,21,20,232,1,429,3,Seattle Seahawks,Cincinnati Bengals,"Seattle, WA, United States",Seattle,68710
10,1,Sun,2019-09-08,4:05PM,Los Angeles Chargers,,Indianapolis Colts,boxscore,54,30,24,435,2,376,0,Los Angeles Chargers,Indianapolis Colts,"Carson, CA, United States",Carson,25363
11,1,Sun,2019-09-08,4:25PM,Detroit Lions,@,Arizona Cardinals,boxscore,54,27,27,477,2,387,1,Arizona Cardinals,Detroit Lions,"Glendale, AZ, United States",Glendale,60687
12,1,Sun,2019-09-08,4:25PM,Dallas Cowboys,,New York Giants,boxscore,52,35,17,494,0,470,2,Dallas Cowboys,New York Giants,"Arlington, TX, United States",Arlington,90353
13,1,Sun,2019-09-08,4:25PM,San Francisco 49ers,@,Tampa Bay Buccaneers,boxscore,48,31,17,256,2,295,4,Tampa Bay Buccaneers,San Francisco 49ers,"Tampa, FL, United States",Tampa,55976
14,1,Sun,2019-09-08,8:20PM,New England Patriots,,Pittsburgh Steelers,boxscore,36,33,3,465,0,308,1,New England Patriots,Pittsburgh Steelers,"Foxborough, Town of, MA, United States",Foxborough,65878
15,1,Mon,2019-09-09,7:10PM,New Orleans Saints,,Houston Texans,boxscore,58,30,28,510,1,414,1,New Orleans Saints,Houston Texans,"New Orleans, LA, United States",New-Orleans,73039
16,1,Mon,2019-09-09,10:20PM,Oakland Raiders,,Denver Broncos,boxscore,40,24,16,357,0,344,0,Oakland Raiders,Denver Broncos,"Oakland, CA, United States",Oakland,52359
17,2,Thu,2019-09-12,8:20PM,Tampa Bay Buccaneers,@,Carolina Panthers,boxscore,34,20,14,289,0,352,1,Carolina Panthers,Tampa Bay Buccaneers,"Charlotte, NC, United States",Charlotte,71101
18,2,Sun,2019-09-15,1:00PM,Baltimore Ravens,,Arizona Cardinals,boxscore,40,23,17,440,0,349,0,Baltimore Ravens,Arizona Cardinals,"Baltimore, MD, United States",Baltimore,70126
19,2,Sun,2019-09-15,1:00PM,Dallas Cowboys,@,Washington Redskins,boxscore,52,31,21,474,1,255,0,Washington Redskins,Dallas Cowboys,"Landover, Hyattsville, MD, United States",Landover,75128
20,2,Sun,2019-09-15,1:00PM,Seattle Seahawks,@,Pittsburgh Steelers,boxscore,54,28,26,425,2,261,1,Pittsburgh Steelers,Seattle Seahawks,"Pittsburgh, PA, United States",Pittsburgh,65063
21,2,Sun,2019-09-15,1:00PM,Green Bay Packers,,Minnesota Vikings,boxscore,37,21,16,335,2,421,4,Green Bay Packers,Minnesota Vikings,"Green Bay, WI, United States",Green-Bay,78416
22,2,Sun,2019-09-15,1:00PM,Houston Texans,,Jacksonville Jaguars,boxscore,25,13,12,263,0,281,1,Houston Texans,Jacksonville Jaguars,"Houston, TX, United States",Houston,71651
23,2,Sun,2019-09-15,1:00PM,San Francisco 49ers,@,Cincinnati Bengals,boxscore,58,41,17,571,1,316,1,Cincinnati Bengals,San Francisco 49ers,"Cincinnati, OH, United States",Cincinnati,50666
24,2,Sun,2019-09-15,1:00PM,Indianapolis Colts,@,Tennessee Titans,boxscore,36,19,17,288,2,243,0,Tennessee Titans,Indianapolis Colts,"Nashville, TN, United States",Nashville,62849
25,2,Sun,2019-09-15,1:00PM,New England Patriots,@,Miami Dolphins,boxscore,43,43,0,379,1,184,4,Miami Dolphins,New England Patriots,"Miami Gardens, FL, United States",Miami-Gardens,65513
26,2,Sun,2019-09-15,1:00PM,Buffalo Bills,@,New York Giants,boxscore,42,28,14,388,0,370,2,New York Giants,Buffalo Bills,"East Rutherford, NJ, United States",East-Rutherford,74569
27,2,Sun,2019-09-15,1:00PM,Detroit Lions,,Los Angeles Chargers,boxscore,23,13,10,339,2,424,2,Detroit Lions,Los Angeles Chargers,"Detroit, MI, United States",Detroit,60158
28,2,Sun,2019-09-15,4:05PM,Kansas City Chiefs,@,Oakland Raiders,boxscore,38,28,10,467,1,307,2,Oakland Raiders,Kansas City Chiefs,"Oakland, CA, United States",Oakland,52748
29,2,Sun,2019-09-15,4:25PM,Chicago Bears,@,Denver Broncos,boxscore,30,16,14,273,0,372,1,Denver Broncos,Chicago Bears,"Denver, CO, United States",Denver,76885
30,2,Sun,2019-09-15,4:25PM,Los Angeles Rams,,New Orleans Saints,boxscore,36,27,9,380,1,244,1,Los Angeles Rams,New Orleans Saints,"Los Angeles, CA, United States",Los-Angeles,71460
31,2,Sun,2019-09-15,8:20PM,Atlanta Falcons,,Philadelphia Eagles,boxscore,44,24,20,367,3,286,3,Atlanta Falcons,Philadelphia Eagles,"Atlanta, GA, United States",Atlanta,72443
32,2,Mon,2019-09-16,8:15PM,Cleveland Browns,@,New York Jets,boxscore,26,23,3,375,1,262,1,New York Jets,Cleveland Browns,"East Rutherford, NJ, United States",East-Rutherford,78523
33,3,Thu,2019-09-19,8:20PM,Jacksonville Jaguars,,Tennessee Titans,boxscore,27,20,7,292,0,340,1,Jacksonville Jaguars,Tennessee Titans,"Jacksonville, FL, United States",Jacksonville,58613
34,3,Sun,2019-09-22,1:00PM,Indianapolis Colts,,Atlanta Falcons,boxscore,51,27,24,379,0,397,1,Indianapolis Colts,Atlanta Falcons,"Indianapolis, IN, United States",Indianapolis,60295
35,3,Sun,2019-09-22,1:00PM,New England Patriots,,New York Jets,boxscore,44,30,14,381,2,105,1,New England Patriots,New York Jets,"Foxborough, Town of, MA, United States",Foxborough,65878
36,3,Sun,2019-09-22,1:00PM,Buffalo Bills,,Cincinnati Bengals,boxscore,38,21,17,416,2,306,4,Buffalo Bills,Cincinnati Bengals,"Orchard Park, NY, United States",Orchard-Park,69448
37,3,Sun,2019-09-22,1:00PM,Green Bay Packers,,Denver Broncos,boxscore,43,27,16,312,0,310,3,Green Bay Packers,Denver Broncos,"Green Bay, WI, United States",Green-Bay,78078
38,3,Sun,2019-09-22,1:00PM,Detroit Lions,@,Philadelphia Eagles,boxscore,51,27,24,287,0,373,2,Philadelphia Eagles,Detroit Lions,"Philadelphia, PA, United States",Philadelphia,69796
39,3,Sun,2019-09-22,1:00PM,Kansas City Chiefs,,Baltimore Ravens,boxscore,61,33,28,503,0,452,0,Kansas City Chiefs,Baltimore Ravens,"Kansas City, MO, United States",Kansas-City,73390
40,3,Sun,2019-09-22,1:00PM,Minnesota Vikings,,Oakland Raiders,boxscore,48,34,14,385,0,302,1,Minnesota Vikings,Oakland Raiders,"Minneapolis, MN, United States",Minneapolis,66738
41,3,Sun,2019-09-22,1:00PM,Dallas Cowboys,,Miami Dolphins,boxscore,37,31,6,476,1,283,1,Dallas Cowboys,Miami Dolphins,"Arlington, TX, United States",Arlington,90127
42,3,Sun,2019-09-22,4:05PM,New York Giants,@,Tampa Bay Buccaneers,boxscore,63,32,31,384,2,499,1,Tampa Bay Buccaneers,New York Giants,"Tampa, FL, United States",Tampa,55070
43,3,Sun,2019-09-22,4:05PM,Carolina Panthers,@,Arizona Cardinals,boxscore,58,38,20,413,1,248,2,Arizona Cardinals,Carolina Panthers,"Glendale, AZ, United States",Glendale,60104
44,3,Sun,2019-09-22,4:25PM,New Orleans Saints,@,Seattle Seahawks,boxscore,60,33,27,265,1,514,1,Seattle Seahawks,New Orleans Saints,"Seattle, WA, United States",Seattle,69005
45,3,Sun,2019-09-22,4:25PM,San Francisco 49ers,,Pittsburgh Steelers,boxscore,44,24,20,436,5,239,2,San Francisco 49ers,Pittsburgh Steelers,"Santa Clara, CA, United States",Santa-Clara,69439
46,3,Sun,2019-09-22,4:25PM,Houston Texans,@,Los Angeles Chargers,boxscore,47,27,20,376,1,366,1,Los Angeles Chargers,Houston Texans,"Carson, CA, United States",Carson,25349
47,3,Sun,2019-09-22,8:20PM,Los Angeles Rams,@,Cleveland Browns,boxscore,33,20,13,344,3,270,1,Cleveland Browns,Los Angeles Rams,"Cleveland, OH, United States",Cleveland,67431
48,3,Mon,2019-09-23,8:15PM,Chicago Bears,@,Washington Redskins,boxscore,46,31,15,298,1,356,5,Washington Redskins,Chicago Bears,"Landover, Hyattsville, MD, United States",Landover,67327
49,4,Thu,2019-09-26,8:20PM,Philadelphia Eagles,@,Green Bay Packers,boxscore,61,34,27,336,0,491,2,Green Bay Packers,Philadelphia Eagles,"Green Bay, WI, United States",Green-Bay,77509
50,4,Sun,2019-09-29,1:00PM,New York Giants,,Washington Redskins,boxscore,27,24,3,389,4,176,4,New York Giants,Washington Redskins,"East Rutherford, NJ, United States",East-Rutherford,74149
51,4,Sun,2019-09-29,1:00PM,Carolina Panthers,@,Houston Texans,boxscore,26,16,10,297,3,264,2,Houston Texans,Carolina Panthers,"Houston, TX, United States",Houston,71699
52,4,Sun,2019-09-29,1:00PM,Tennessee Titans,@,Atlanta Falcons,boxscore,34,24,10,365,0,422,1,Atlanta Falcons,Tennessee Titans,"Atlanta, GA, United States",Atlanta,72108
53,4,Sun,2019-09-29,1:00PM,New England Patriots,@,Buffalo Bills,boxscore,26,16,10,224,1,375,4,Buffalo Bills,New England Patriots,"Orchard Park, NY, United States",Orchard-Park,70317
54,4,Sun,2019-09-29,1:00PM,Kansas City Chiefs,@,Detroit Lions,boxscore,64,34,30,438,3,447,2,Detroit Lions,Kansas City Chiefs,"Detroit, MI, United States",Detroit,65188
55,4,Sun,2019-09-29,1:00PM,Cleveland Browns,@,Baltimore Ravens,boxscore,65,40,25,530,1,395,3,Baltimore Ravens,Cleveland Browns,"Baltimore, MD, United States",Baltimore,70686
56,4,Sun,2019-09-29,1:00PM,Oakland Raiders,@,Indianapolis Colts,boxscore,55,31,24,377,1,346,2,Indianapolis Colts,Oakland Raiders,"Indianapolis, IN, United States",Indianapolis,62259
57,4,Sun,2019-09-29,1:00PM,Los Angeles Chargers,@,Miami Dolphins,boxscore,40,30,10,390,0,233,1,Miami Dolphins,Los Angeles Chargers,"Miami Gardens, FL, United States",Miami-Gardens,64278
58,4,Sun,2019-09-29,4:05PM,Tampa Bay Buccaneers,@,Los Angeles Rams,boxscore,95,55,40,464,1,518,4,Los Angeles Rams,Tampa Bay Buccaneers,"Los Angeles, CA, United States",Los-Angeles,68117
59,4,Sun,2019-09-29,4:05PM,Seattle Seahawks,@,Arizona Cardinals,boxscore,37,27,10,340,0,321,1,Arizona Cardinals,Seattle Seahawks,"Glendale, AZ, United States",Glendale,60500
60,4,Sun,2019-09-29,4:25PM,Chicago Bears,,Minnesota Vikings,boxscore,22,16,6,269,0,222,2,Chicago Bears,Minnesota Vikings,"Chicago, IL, United States",Chicago,62131
61,4,Sun,2019-09-29,4:25PM,Jacksonville Jaguars,@,Denver Broncos,boxscore,50,26,24,455,0,371,1,Denver Broncos,Jacksonville Jaguars,"Denver, CO, United States",Denver,76219
62,4,Sun,2019-09-29,8:20PM,New Orleans Saints,,Dallas Cowboys,boxscore,22,12,10,266,1,257,3,New Orleans Saints,Dallas Cowboys,"New Orleans, LA, United States",New-Orleans,73086
63,4,Mon,2019-09-30,8:15PM,Pittsburgh Steelers,,Cincinnati Bengals,boxscore,30,27,3,326,1,175,2,Pittsburgh Steelers,Cincinnati Bengals,"Pittsburgh, PA, United States",Pittsburgh,57959
64,5,Thu,2019-10-03,8:20PM,Seattle Seahawks,,Los Angeles Rams,boxscore,59,30,29,429,1,477,2,Seattle Seahawks,Los Angeles Rams,"Seattle, WA, United States",Seattle,68988
65,5,Sun,2019-10-06,1:00PM,Philadelphia Eagles,,New York Jets,boxscore,37,31,6,265,1,128,3,Philadelphia Eagles,New York Jets,"Philadelphia, PA, United States",Philadelphia,69796
66,5,Sun,2019-10-06,1:00PM,Minnesota Vikings,@,New York Giants,boxscore,38,28,10,490,1,211,1,New York Giants,Minnesota Vikings,"East Rutherford, NJ, United States",East-Rutherford,75041
67,5,Sun,2019-10-06,1:00PM,Houston Texans,,Atlanta Falcons,boxscore,85,53,32,592,1,373,1,Houston Texans,Atlanta Falcons,"Houston, TX, United States",Houston,71787
68,5,Sun,2019-10-06,1:00PM,Buffalo Bills,@,Tennessee Titans,boxscore,21,14,7,313,1,252,0,Tennessee Titans,Buffalo Bills,"Nashville, TN, United States",Nashville,66910
69,5,Sun,2019-10-06,1:00PM,Baltimore Ravens,@,Pittsburgh Steelers,boxscore,49,26,23,277,3,269,2,Pittsburgh Steelers,Baltimore Ravens,"Pittsburgh, PA, United States",Pittsburgh,64037
70,5,Sun,2019-10-06,1:00PM,Arizona Cardinals,@,Cincinnati Bengals,boxscore,49,26,23,514,0,370,0,Cincinnati Bengals,Arizona Cardinals,"Cincinnati, OH, United States",Cincinnati,46012
71,5,Sun,2019-10-06,1:00PM,New Orleans Saints,,Tampa Bay Buccaneers,boxscore,55,31,24,457,1,252,0,New Orleans Saints,Tampa Bay Buccaneers,"New Orleans, LA, United States",New-Orleans,73029
72,5,Sun,2019-10-06,1:00PM,New England Patriots,@,Washington Redskins,boxscore,40,33,7,442,1,223,2,Washington Redskins,New England Patriots,"Landover, Hyattsville, MD, United States",Landover,76483
73,5,Sun,2019-10-06,1:00PM,Carolina Panthers,,Jacksonville Jaguars,boxscore,61,34,27,445,0,507,3,Carolina Panthers,Jacksonville Jaguars,"Charlotte, NC, United States",Charlotte,72762
74,5,Sun,2019-10-06,1:00PM,Oakland Raiders,,Chicago Bears,boxscore,45,24,21,398,2,236,2,Oakland Raiders,Chicago Bears,"Oakland, CA, United States",Oakland,60463
75,5,Sun,2019-10-06,4:05PM,Denver Broncos,@,Los Angeles Chargers,boxscore,33,20,13,350,2,246,3,Los Angeles Chargers,Denver Broncos,"Carson, CA, United States",Carson,25357
76,5,Sun,2019-10-06,4:25PM,Green Bay Packers,@,Dallas Cowboys,boxscore,58,34,24,335,0,563,3,Dallas Cowboys,Green Bay Packers,"Arlington, TX, United States",Arlington,93024
77,5,Sun,2019-10-06,8:20PM,Indianapolis Colts,@,Kansas City Chiefs,boxscore,32,19,13,331,1,324,1,Kansas City Chiefs,Indianapolis Colts,"Kansas City, MO, United States",Kansas-City,73352
78,5,Mon,2019-10-07,8:15PM,San Francisco 49ers,,Cleveland Browns,boxscore,34,31,3,446,0,180,4,San Francisco 49ers,Cleveland Browns,"Santa Clara, CA, United States",Santa-Clara,70585
79,6,Thu,2019-10-10,8:20PM,New England Patriots,,New York Giants,boxscore,49,35,14,427,2,213,4,New England Patriots,New York Giants,"Foxborough, Town of, MA, United States",Foxborough,65878
80,6,Sun,2019-10-13,9:30AM,Carolina Panthers,@,Tampa Bay Buccaneers,boxscore,63,37,26,268,1,407,7,Tampa Bay Buccaneers,Carolina Panthers,"Tampa, FL, United States",Tampa,60087
81,6,Sun,2019-10-13,1:00PM,Washington Redskins,@,Miami Dolphins,boxscore,33,17,16,311,0,271,2,Miami Dolphins,Washington Redskins,"Miami Gardens, FL, United States",Miami-Gardens,59808
82,6,Sun,2019-10-13,1:00PM,Houston Texans,@,Kansas City Chiefs,boxscore,55,31,24,472,3,309,2,Kansas City Chiefs,Houston Texans,"Kansas City, MO, United States",Kansas-City,73323
83,6,Sun,2019-10-13,1:00PM,Minnesota Vikings,,Philadelphia Eagles,boxscore,58,38,20,447,2,400,3,Minnesota Vikings,Philadelphia Eagles,"Minneapolis, MN, United States",Minneapolis,66837
84,6,Sun,2019-10-13,1:00PM,Baltimore Ravens,,Cincinnati Bengals,boxscore,40,23,17,497,1,250,1,Baltimore Ravens,Cincinnati Bengals,"Baltimore, MD, United States",Baltimore,70051
85,6,Sun,2019-10-13,1:00PM,New Orleans Saints,@,Jacksonville Jaguars,boxscore,19,13,6,326,0,226,1,Jacksonville Jaguars,New Orleans Saints,"Jacksonville, FL, United States",Jacksonville,64341
86,6,Sun,2019-10-13,1:00PM,Seattle Seahawks,@,Cleveland Browns,boxscore,60,32,28,454,1,406,4,Cleveland Browns,Seattle Seahawks,"Cleveland, OH, United States",Cleveland,67431
87,6,Sun,2019-10-13,4:05PM,San Francisco 49ers,@,Los Angeles Rams,boxscore,27,20,7,331,2,157,1,Los Angeles Rams,San Francisco 49ers,"Los Angeles, CA, United States",Los-Angeles,75695
88,6,Sun,2019-10-13,4:05PM,Arizona Cardinals,,Atlanta Falcons,boxscore,67,34,33,442,0,444,0,Arizona Cardinals,Atlanta Falcons,"Glendale, AZ, United States",Glendale,60140
89,6,Sun,2019-10-13,4:25PM,New York Jets,,Dallas Cowboys,boxscore,46,24,22,382,1,399,0,New York Jets,Dallas Cowboys,"East Rutherford, NJ, United States",East-Rutherford,78523
90,6,Sun,2019-10-13,4:25PM,Denver Broncos,,Tennessee Titans,boxscore,16,16,0,270,1,204,3,Denver Broncos,Tennessee Titans,"Denver, CO, United States",Denver,75815
91,6,Sun,2019-10-13,8:20PM,Pittsburgh Steelers,@,Los Angeles Chargers,boxscore,41,24,17,256,1,348,3,Los Angeles Chargers,Pittsburgh Steelers,"Carson, CA, United States",Carson,25425
92,6,Mon,2019-10-14,8:15PM,Green Bay Packers,,Detroit Lions,boxscore,45,23,22,447,3,299,0,Green Bay Packers,Detroit Lions,"Green Bay, WI, United States",Green-Bay,76947
93,7,Thu,2019-10-17,8:20PM,Kansas City Chiefs,@,Denver Broncos,boxscore,36,30,6,271,0,205,1,Denver Broncos,Kansas City Chiefs,"Denver, CO, United States",Denver,76748
94,7,Sun,2019-10-20,1:00PM,San Francisco 49ers,@,Washington Redskins,boxscore,9,9,0,283,1,154,1,Washington Redskins,San Francisco 49ers,"Landover, Hyattsville, MD, United States",Landover,61459
95,7,Sun,2019-10-20,1:00PM,Buffalo Bills,,Miami Dolphins,boxscore,52,31,21,305,0,381,2,Buffalo Bills,Miami Dolphins,"Orchard Park, NY, United States",Orchard-Park,68340
96,7,Sun,2019-10-20,1:00PM,Minnesota Vikings,@,Detroit Lions,boxscore,72,42,30,504,0,433,1,Detroit Lions,Minnesota Vikings,"Detroit, MI, United States",Detroit,60314
97,7,Sun,2019-10-20,1:00PM,Indianapolis Colts,,Houston Texans,boxscore,53,30,23,383,1,391,2,Indianapolis Colts,Houston Texans,"Indianapolis, IN, United States",Indianapolis,59977
98,7,Sun,2019-10-20,1:00PM,Arizona Cardinals,@,New York Giants,boxscore,48,27,21,245,0,263,3,New York Giants,Arizona Cardinals,"East Rutherford, NJ, United States",East-Rutherford,73577
99,7,Sun,2019-10-20,1:00PM,Los Angeles Rams,@,Atlanta Falcons,boxscore,47,37,10,381,0,224,3,Atlanta Falcons,Los Angeles Rams,"Atlanta, GA, United States",Atlanta,71856
100,7,Sun,2019-10-20,1:00PM,Green Bay Packers,,Oakland Raiders,boxscore,66,42,24,481,0,484,2,Green Bay Packers,Oakland Raiders,"Green Bay, WI, United States",Green-Bay,78160
101,7,Sun,2019-10-20,1:00PM,Jacksonville Jaguars,@,Cincinnati Bengals,boxscore,44,27,17,460,0,291,4,Cincinnati Bengals,Jacksonville Jaguars,"Cincinnati, OH, United States",Cincinnati,42784
102,7,Sun,2019-10-20,4:05PM,Tennessee Titans,,Los Angeles Chargers,boxscore,43,23,20,403,1,365,1,Tennessee Titans,Los Angeles Chargers,"Nashville, TN, United States",Nashville,62431
103,7,Sun,2019-10-20,4:25PM,New Orleans Saints,@,Chicago Bears,boxscore,61,36,25,424,0,252,2,Chicago Bears,New Orleans Saints,"Chicago, IL, United States",Chicago,62306
104,7,Sun,2019-10-20,4:25PM,Baltimore Ravens,@,Seattle Seahawks,boxscore,46,30,16,340,0,347,2,Seattle Seahawks,Baltimore Ravens,"Seattle, WA, United States",Seattle,69012
105,7,Sun,2019-10-20,8:20PM,Dallas Cowboys,,Philadelphia Eagles,boxscore,47,37,10,402,1,283,4,Dallas Cowboys,Philadelphia Eagles,"Arlington, TX, United States",Arlington,91213
106,7,Mon,2019-10-21,8:15PM,New England Patriots,@,New York Jets,boxscore,33,33,0,323,1,154,6,New York Jets,New England Patriots,"East Rutherford, NJ, United States",East-Rutherford,78523
107,8,Thu,2019-10-24,8:20PM,Minnesota Vikings,,Washington Redskins,boxscore,28,19,9,434,1,216,2,Minnesota Vikings,Washington Redskins,"Minneapolis, MN, United States",Minneapolis,66776
108,8,Sun,2019-10-27,1:00PM,Philadelphia Eagles,@,Buffalo Bills,boxscore,44,31,13,371,1,253,1,Buffalo Bills,Philadelphia Eagles,"Orchard Park, NY, United States",Orchard-Park,69435
109,8,Sun,2019-10-27,1:00PM,Detroit Lions,,New York Giants,boxscore,57,31,26,375,2,370,1,Detroit Lions,New York Giants,"Detroit, MI, United States",Detroit,58509
110,8,Sun,2019-10-27,1:00PM,Indianapolis Colts,,Denver Broncos,boxscore,28,15,13,318,1,279,0,Indianapolis Colts,Denver Broncos,"Indianapolis, IN, United States",Indianapolis,61653
111,8,Sun,2019-10-27,1:00PM,Los Angeles Chargers,@,Chicago Bears,boxscore,33,17,16,231,1,388,2,Chicago Bears,Los Angeles Chargers,"Chicago, IL, United States",Chicago,61632
112,8,Sun,2019-10-27,1:00PM,Jacksonville Jaguars,,New York Jets,boxscore,44,29,15,389,1,213,3,Jacksonville Jaguars,New York Jets,"Jacksonville, FL, United States",Jacksonville,57833
113,8,Sun,2019-10-27,1:00PM,New Orleans Saints,,Arizona Cardinals,boxscore,40,31,9,510,1,237,0,New Orleans Saints,Arizona Cardinals,"New Orleans, LA, United States",New-Orleans,73064
114,8,Sun,2019-10-27,1:00PM,Seattle Seahawks,@,Atlanta Falcons,boxscore,47,27,20,322,0,510,3,Atlanta Falcons,Seattle Seahawks,"Atlanta, GA, United States",Atlanta,71483
115,8,Sun,2019-10-27,1:00PM,Tennessee Titans,,Tampa Bay Buccaneers,boxscore,50,27,23,246,1,389,4,Tennessee Titans,Tampa Bay Buccaneers,"Nashville, TN, United States",Nashville,62073
116,8,Sun,2019-10-27,1:00PM,Los Angeles Rams,,Cincinnati Bengals,boxscore,34,24,10,470,0,401,0,Los Angeles Rams,Cincinnati Bengals,"Los Angeles, CA, United States",Los-Angeles,83720
117,8,Sun,2019-10-27,4:05PM,San Francisco 49ers,,Carolina Panthers,boxscore,64,51,13,388,1,230,3,San Francisco 49ers,Carolina Panthers,"Santa Clara, CA, United States",Santa-Clara,69083
118,8,Sun,2019-10-27,4:25PM,New England Patriots,,Cleveland Browns,boxscore,40,27,13,318,0,310,3,New England Patriots,Cleveland Browns,"Foxborough, Town of, MA, United States",Foxborough,65878
119,8,Sun,2019-10-27,4:25PM,Houston Texans,,Oakland Raiders,boxscore,51,27,24,388,0,378,0,Houston Texans,Oakland Raiders,"Houston, TX, United States",Houston,71893
120,8,Sun,2019-10-27,8:20PM,Green Bay Packers,@,Kansas City Chiefs,boxscore,55,31,24,374,0,337,1,Kansas City Chiefs,Green Bay Packers,"Kansas City, MO, United States",Kansas-City,73558
121,8,Mon,2019-10-28,8:15PM,Pittsburgh Steelers,,Miami Dolphins,boxscore,41,27,14,394,1,230,4,Pittsburgh Steelers,Miami Dolphins,"Pittsburgh, PA, United States",Pittsburgh,59244
122,9,Thu,2019-10-31,8:20PM,San Francisco 49ers,@,Arizona Cardinals,boxscore,53,28,25,411,0,357,0,Arizona Cardinals,San Francisco 49ers,"Glendale, AZ, United States",Glendale,60986
123,9,Sun,2019-11-03,9:30AM,Houston Texans,@,Jacksonville Jaguars,boxscore,29,26,3,410,1,356,4,Jacksonville Jaguars,Houston Texans,"Jacksonville, FL, United States",Jacksonville,84771
124,9,Sun,2019-11-03,1:00PM,Carolina Panthers,,Tennessee Titans,boxscore,50,30,20,370,1,431,3,Carolina Panthers,Tennessee Titans,"Charlotte, NC, United States",Charlotte,72540
125,9,Sun,2019-11-03,1:00PM,Philadelphia Eagles,,Chicago Bears,boxscore,36,22,14,373,0,164,1,Philadelphia Eagles,Chicago Bears,"Philadelphia, PA, United States",Philadelphia,69796
126,9,Sun,2019-11-03,1:00PM,Miami Dolphins,,New York Jets,boxscore,44,26,18,316,0,321,1,Miami Dolphins,New York Jets,"Miami Gardens, FL, United States",Miami-Gardens,59229
127,9,Sun,2019-11-03,1:00PM,Buffalo Bills,,Washington Redskins,boxscore,33,24,9,268,0,243,0,Buffalo Bills,Washington Redskins,"Orchard Park, NY, United States",Orchard-Park,67685
128,9,Sun,2019-11-03,1:00PM,Pittsburgh Steelers,,Indianapolis Colts,boxscore,50,26,24,273,2,328,3,Pittsburgh Steelers,Indianapolis Colts,"Pittsburgh, PA, United States",Pittsburgh,61115
129,9,Sun,2019-11-03,1:00PM,Kansas City Chiefs,,Minnesota Vikings,boxscore,49,26,23,377,1,308,0,Kansas City Chiefs,Minnesota Vikings,"Kansas City, MO, United States",Kansas-City,73615
130,9,Sun,2019-11-03,4:05PM,Oakland Raiders,,Detroit Lions,boxscore,55,31,24,450,0,473,2,Oakland Raiders,Detroit Lions,"Oakland, CA, United States",Oakland,53318
131,9,Sun,2019-11-03,4:05PM,Seattle Seahawks,,Tampa Bay Buccaneers,boxscore,74,40,34,492,1,418,1,Seattle Seahawks,Tampa Bay Buccaneers,"Seattle, WA, United States",Seattle,68948
132,9,Sun,2019-11-03,4:25PM,Denver Broncos,,Cleveland Browns,boxscore,43,24,19,302,1,351,0,Denver Broncos,Cleveland Browns,"Denver, CO, United States",Denver,76743
133,9,Sun,2019-11-03,4:25PM,Los Angeles Chargers,,Green Bay Packers,boxscore,37,26,11,442,0,184,0,Los Angeles Chargers,Green Bay Packers,"Carson, CA, United States",Carson,25435
134,9,Sun,2019-11-03,8:20PM,Baltimore Ravens,,New England Patriots,boxscore,57,37,20,372,2,342,2,Baltimore Ravens,New England Patriots,"Baltimore, MD, United States",Baltimore,71157
135,9,Mon,2019-11-04,8:15PM,Dallas Cowboys,@,New York Giants,boxscore,55,37,18,429,2,271,3,New York Giants,Dallas Cowboys,"East Rutherford, NJ, United States",East-Rutherford,76107
136,10,Thu,2019-11-07,8:20PM,Oakland Raiders,,Los Angeles Chargers,boxscore,50,26,24,278,0,315,3,Oakland Raiders,Los Angeles Chargers,"Oakland, CA, United States",Oakland,51954
137,10,Sun,2019-11-10,1:00PM,Atlanta Falcons,@,New Orleans Saints,boxscore,35,26,9,317,1,310,0,New Orleans Saints,Atlanta Falcons,"New Orleans, LA, United States",New-Orleans,73283
138,10,Sun,2019-11-10,1:00PM,Cleveland Browns,,Buffalo Bills,boxscore,35,19,16,368,0,344,0,Cleveland Browns,Buffalo Bills,"Cleveland, OH, United States",Cleveland,67431
139,10,Sun,2019-11-10,1:00PM,Baltimore Ravens,@,Cincinnati Bengals,boxscore,62,49,13,379,1,307,3,Cincinnati Bengals,Baltimore Ravens,"Cincinnati, OH, United States",Cincinnati,45918
140,10,Sun,2019-11-10,1:00PM,Chicago Bears,,Detroit Lions,boxscore,33,20,13,226,0,357,1,Chicago Bears,Detroit Lions,"Chicago, IL, United States",Chicago,61758
141,10,Sun,2019-11-10,1:00PM,Tennessee Titans,,Kansas City Chiefs,boxscore,67,35,32,371,1,530,1,Tennessee Titans,Kansas City Chiefs,"Nashville, TN, United States",Nashville,68864
142,10,Sun,2019-11-10,1:00PM,Tampa Bay Buccaneers,,Arizona Cardinals,boxscore,57,30,27,457,3,417,2,Tampa Bay Buccaneers,Arizona Cardinals,"Tampa, FL, United States",Tampa,40038
143,10,Sun,2019-11-10,1:00PM,New York Jets,,New York Giants,boxscore,61,34,27,294,0,281,2,New York Jets,New York Giants,"East Rutherford, NJ, United States",East-Rutherford,78523
144,10,Sun,2019-11-10,4:05PM,Miami Dolphins,@,Indianapolis Colts,boxscore,28,16,12,229,2,300,3,Indianapolis Colts,Miami Dolphins,"Indianapolis, IN, United States",Indianapolis,60510
145,10,Sun,2019-11-10,4:25PM,Pittsburgh Steelers,,Los Angeles Rams,boxscore,29,17,12,273,2,306,4,Pittsburgh Steelers,Los Angeles Rams,"Pittsburgh, PA, United States",Pittsburgh,63627
146,10,Sun,2019-11-10,4:25PM,Green Bay Packers,,Carolina Panthers,boxscore,40,24,16,388,0,401,2,Green Bay Packers,Carolina Panthers,"Green Bay, WI, United States",Green-Bay,78090
147,10,Sun,2019-11-10,8:20PM,Minnesota Vikings,@,Dallas Cowboys,boxscore,52,28,24,364,0,443,1,Dallas Cowboys,Minnesota Vikings,"Arlington, TX, United States",Arlington,91188
148,10,Mon,2019-11-11,8:15PM,Seattle Seahawks,@,San Francisco 49ers,boxscore,51,27,24,336,4,302,3,San Francisco 49ers,Seattle Seahawks,"Santa Clara, CA, United States",Santa-Clara,71404
149,11,Thu,2019-11-14,8:20PM,Cleveland Browns,,Pittsburgh Steelers,boxscore,28,21,7,293,0,236,4,Cleveland Browns,Pittsburgh Steelers,"Cleveland, OH, United States",Cleveland,67431
150,11,Sun,2019-11-17,1:00PM,New Orleans Saints,@,Tampa Bay Buccaneers,boxscore,51,34,17,328,0,334,4,Tampa Bay Buccaneers,New Orleans Saints,"Tampa, FL, United States",Tampa,54333
151,11,Sun,2019-11-17,1:00PM,Dallas Cowboys,@,Detroit Lions,boxscore,62,35,27,509,1,312,0,Detroit Lions,Dallas Cowboys,"Detroit, MI, United States",Detroit,61801
152,11,Sun,2019-11-17,1:00PM,New York Jets,@,Washington Redskins,boxscore,51,34,17,400,2,225,1,Washington Redskins,New York Jets,"Landover, Hyattsville, MD, United States",Landover,56426
153,11,Sun,2019-11-17,1:00PM,Atlanta Falcons,@,Carolina Panthers,boxscore,32,29,3,349,0,347,4,Carolina Panthers,Atlanta Falcons,"Charlotte, NC, United States",Charlotte,73106
154,11,Sun,2019-11-17,1:00PM,Buffalo Bills,@,Miami Dolphins,boxscore,57,37,20,424,0,303,1,Miami Dolphins,Buffalo Bills,"Miami Gardens, FL, United States",Miami-Gardens,64187
155,11,Sun,2019-11-17,1:00PM,Minnesota Vikings,,Denver Broncos,boxscore,50,27,23,321,2,394,1,Minnesota Vikings,Denver Broncos,"Minneapolis, MN, United States",Minneapolis,66883
156,11,Sun,2019-11-17,1:00PM,Baltimore Ravens,,Houston Texans,boxscore,48,41,7,491,0,232,2,Baltimore Ravens,Houston Texans,"Baltimore, MD, United States",Baltimore,70731
157,11,Sun,2019-11-17,1:00PM,Indianapolis Colts,,Jacksonville Jaguars,boxscore,46,33,13,389,2,308,1,Indianapolis Colts,Jacksonville Jaguars,"Indianapolis, IN, United States",Indianapolis,61986
158,11,Sun,2019-11-17,4:05PM,San Francisco 49ers,,Arizona Cardinals,boxscore,62,36,26,442,2,266,2,San Francisco 49ers,Arizona Cardinals,"Santa Clara, CA, United States",Santa-Clara,69419
159,11,Sun,2019-11-17,4:25PM,New England Patriots,@,Philadelphia Eagles,boxscore,27,17,10,298,0,255,1,Philadelphia Eagles,New England Patriots,"Philadelphia, PA, United States",Philadelphia,69796
160,11,Sun,2019-11-17,4:25PM,Oakland Raiders,,Cincinnati Bengals,boxscore,27,17,10,386,2,246,2,Oakland Raiders,Cincinnati Bengals,"Oakland, CA, United States",Oakland,51921
161,11,Sun,2019-11-17,8:20PM,Los Angeles Rams,,Chicago Bears,boxscore,24,17,7,283,2,267,1,Los Angeles Rams,Chicago Bears,"Los Angeles, CA, United States",Los-Angeles,70758
162,11,Mon,2019-11-18,8:15PM,Kansas City Chiefs,@,Los Angeles Chargers,boxscore,41,24,17,310,1,438,4,Los Angeles Chargers,Kansas City Chiefs,"Carson, CA, United States",Carson,76252
163,12,Thu,2019-11-21,8:20PM,Houston Texans,,Indianapolis Colts,boxscore,37,20,17,396,1,296,0,Houston Texans,Indianapolis Colts,"Houston, TX, United States",Houston,71727
164,12,Sun,2019-11-24,1:00PM,Tampa Bay Buccaneers,@,Atlanta Falcons,boxscore,57,35,22,446,2,337,2,Atlanta Falcons,Tampa Bay Buccaneers,"Atlanta, GA, United States",Atlanta,71463
165,12,Sun,2019-11-24,1:00PM,Buffalo Bills,,Denver Broncos,boxscore,23,20,3,424,1,134,1,Buffalo Bills,Denver Broncos,"Orchard Park, NY, United States",Orchard-Park,67338
166,12,Sun,2019-11-24,1:00PM,New Orleans Saints,,Carolina Panthers,boxscore,65,34,31,418,1,351,1,New Orleans Saints,Carolina Panthers,"New Orleans, LA, United States",New-Orleans,73068
167,12,Sun,2019-11-24,1:00PM,Washington Redskins,,Detroit Lions,boxscore,35,19,16,230,2,364,4,Washington Redskins,Detroit Lions,"Landover, Hyattsville, MD, United States",Landover,57754
168,12,Sun,2019-11-24,1:00PM,Pittsburgh Steelers,@,Cincinnati Bengals,boxscore,26,16,10,338,1,244,2,Cincinnati Bengals,Pittsburgh Steelers,"Cincinnati, OH, United States",Cincinnati,47423
169,12,Sun,2019-11-24,1:00PM,New York Jets,,Oakland Raiders,boxscore,37,34,3,401,1,208,2,New York Jets,Oakland Raiders,"East Rutherford, NJ, United States",East-Rutherford,78523
170,12,Sun,2019-11-24,1:00PM,Seattle Seahawks,@,Philadelphia Eagles,boxscore,26,17,9,348,2,344,5,Philadelphia Eagles,Seattle Seahawks,"Philadelphia, PA, United States",Philadelphia,69796
171,12,Sun,2019-11-24,1:00PM,Chicago Bears,,New York Giants,boxscore,33,19,14,335,2,243,1,Chicago Bears,New York Giants,"Chicago, IL, United States",Chicago,61581
172,12,Sun,2019-11-24,1:00PM,Cleveland Browns,,Miami Dolphins,boxscore,65,41,24,467,1,284,2,Cleveland Browns,Miami Dolphins,"Cleveland, OH, United States",Cleveland,67431
173,12,Sun,2019-11-24,4:05PM,Tennessee Titans,,Jacksonville Jaguars,boxscore,62,42,20,471,2,369,1,Tennessee Titans,Jacksonville Jaguars,"Nashville, TN, United States",Nashville,60926
174,12,Sun,2019-11-24,4:25PM,New England Patriots,,Dallas Cowboys,boxscore,22,13,9,282,0,321,1,New England Patriots,Dallas Cowboys,"Foxborough, Town of, MA, United States",Foxborough,65878
175,12,Sun,2019-11-24,8:20PM,San Francisco 49ers,,Green Bay Packers,boxscore,45,37,8,339,0,198,1,San Francisco 49ers,Green Bay Packers,"Santa Clara, CA, United States",Santa-Clara,71500
176,12,Mon,2019-11-25,8:15PM,Baltimore Ravens,@,Los Angeles Rams,boxscore,51,45,6,480,0,221,2,Los Angeles Rams,Baltimore Ravens,"Los Angeles, CA, United States",Los-Angeles,72409
177,13,Thu,2019-11-28,12:30PM,Chicago Bears,@,Detroit Lions,boxscore,44,24,20,419,1,364,1,Detroit Lions,Chicago Bears,"Detroit, MI, United States",Detroit,65412
178,13,Thu,2019-11-28,4:30PM,Buffalo Bills,@,Dallas Cowboys,boxscore,41,26,15,356,0,426,2,Dallas Cowboys,Buffalo Bills,"Arlington, TX, United States",Arlington,90445
179,13,Thu,2019-11-28,8:20PM,New Orleans Saints,@,Atlanta Falcons,boxscore,44,26,18,279,0,348,3,Atlanta Falcons,New Orleans Saints,"Atlanta, GA, United States",Atlanta,71993
180,13,Sun,2019-12-01,1:00PM,Green Bay Packers,@,New York Giants,boxscore,44,31,13,322,0,335,3,New York Giants,Green Bay Packers,"East Rutherford, NJ, United States",East-Rutherford,75950
181,13,Sun,2019-12-01,1:00PM,Tampa Bay Buccaneers,@,Jacksonville Jaguars,boxscore,39,28,11,315,1,242,4,Jacksonville Jaguars,Tampa Bay Buccaneers,"Jacksonville, FL, United States",Jacksonville,62633
182,13,Sun,2019-12-01,1:00PM,Pittsburgh Steelers,,Cleveland Browns,boxscore,33,20,13,323,1,279,2,Pittsburgh Steelers,Cleveland Browns,"Pittsburgh, PA, United States",Pittsburgh,62157
183,13,Sun,2019-12-01,1:00PM,Washington Redskins,@,Carolina Panthers,boxscore,50,29,21,362,0,278,2,Carolina Panthers,Washington Redskins,"Charlotte, NC, United States",Charlotte,71504
184,13,Sun,2019-12-01,1:00PM,Baltimore Ravens,,San Francisco 49ers,boxscore,37,20,17,283,1,331,1,Baltimore Ravens,San Francisco 49ers,"Baltimore, MD, United States",Baltimore,71029
185,13,Sun,2019-12-01,1:00PM,Cincinnati Bengals,,New York Jets,boxscore,28,22,6,277,0,271,0,Cincinnati Bengals,New York Jets,"Cincinnati, OH, United States",Cincinnati,39804
186,13,Sun,2019-12-01,1:00PM,Miami Dolphins,,Philadelphia Eagles,boxscore,68,37,31,409,1,386,1,Miami Dolphins,Philadelphia Eagles,"Miami Gardens, FL, United States",Miami-Gardens,65545
187,13,Sun,2019-12-01,1:00PM,Tennessee Titans,@,Indianapolis Colts,boxscore,48,31,17,292,2,391,3,Indianapolis Colts,Tennessee Titans,"Indianapolis, IN, United States",Indianapolis,60361
188,13,Sun,2019-12-01,4:05PM,Los Angeles Rams,@,Arizona Cardinals,boxscore,41,34,7,549,0,198,1,Arizona Cardinals,Los Angeles Rams,"Glendale, AZ, United States",Glendale,60944
189,13,Sun,2019-12-01,4:25PM,Denver Broncos,,Los Angeles Chargers,boxscore,43,23,20,218,1,359,2,Denver Broncos,Los Angeles Chargers,"Denver, CO, United States",Denver,74638
190,13,Sun,2019-12-01,4:25PM,Kansas City Chiefs,,Oakland Raiders,boxscore,49,40,9,259,0,332,3,Kansas City Chiefs,Oakland Raiders,"Kansas City, MO, United States",Kansas-City,73548
191,13,Sun,2019-12-01,8:20PM,Houston Texans,,New England Patriots,boxscore,50,28,22,276,0,448,1,Houston Texans,New England Patriots,"Houston, TX, United States",Houston,72025
192,13,Mon,2019-12-02,8:15PM,Seattle Seahawks,,Minnesota Vikings,boxscore,67,37,30,444,2,354,3,Seattle Seahawks,Minnesota Vikings,"Seattle, WA, United States",Seattle,69080
193,14,Thu,2019-12-05,8:20PM,Chicago Bears,,Dallas Cowboys,boxscore,55,31,24,382,2,408,0,Chicago Bears,Dallas Cowboys,"Chicago, IL, United States",Chicago,61276
194,14,Sun,2019-12-08,1:00PM,Atlanta Falcons,,Carolina Panthers,boxscore,60,40,20,461,0,345,4,Atlanta Falcons,Carolina Panthers,"Atlanta, GA, United States",Atlanta,70592
195,14,Sun,2019-12-08,1:00PM,Baltimore Ravens,@,Buffalo Bills,boxscore,41,24,17,257,1,209,1,Buffalo Bills,Baltimore Ravens,"Orchard Park, NY, United States",Orchard-Park,69134
196,14,Sun,2019-12-08,1:00PM,Cleveland Browns,,Cincinnati Bengals,boxscore,46,27,19,333,2,451,1,Cleveland Browns,Cincinnati Bengals,"Cleveland, OH, United States",Cleveland,67431
197,14,Sun,2019-12-08,1:00PM,New York Jets,,Miami Dolphins,boxscore,43,22,21,374,1,362,1,New York Jets,Miami Dolphins,"East Rutherford, NJ, United States",East-Rutherford,78523
198,14,Sun,2019-12-08,1:00PM,Tampa Bay Buccaneers,,Indianapolis Colts,boxscore,73,38,35,542,4,309,1,Tampa Bay Buccaneers,Indianapolis Colts,"Tampa, FL, United States",Tampa,50232
199,14,Sun,2019-12-08,1:00PM,San Francisco 49ers,@,New Orleans Saints,boxscore,94,48,46,516,1,465,1,New Orleans Saints,San Francisco 49ers,"New Orleans, LA, United States",New-Orleans,73038
200,14,Sun,2019-12-08,1:00PM,Denver Broncos,@,Houston Texans,boxscore,62,38,24,391,1,414,3,Houston Texans,Denver Broncos,"Houston, TX, United States",Houston,71769
201,14,Sun,2019-12-08,1:00PM,Minnesota Vikings,,Detroit Lions,boxscore,27,20,7,354,0,231,2,Minnesota Vikings,Detroit Lions,"Minneapolis, MN, United States",Minneapolis,66776
202,14,Sun,2019-12-08,1:00PM,Green Bay Packers,,Washington Redskins,boxscore,35,20,15,341,1,262,1,Green Bay Packers,Washington Redskins,"Green Bay, WI, United States",Green-Bay,77296
203,14,Sun,2019-12-08,4:05PM,Los Angeles Chargers,@,Jacksonville Jaguars,boxscore,55,45,10,525,0,252,0,Jacksonville Jaguars,Los Angeles Chargers,"Jacksonville, FL, United States",Jacksonville,57866
204,14,Sun,2019-12-08,4:25PM,Pittsburgh Steelers,@,Arizona Cardinals,boxscore,40,23,17,275,2,236,3,Arizona Cardinals,Pittsburgh Steelers,"Glendale, AZ, United States",Glendale,63880
205,14,Sun,2019-12-08,4:25PM,Tennessee Titans,@,Oakland Raiders,boxscore,63,42,21,552,1,355,1,Oakland Raiders,Tennessee Titans,"Oakland, CA, United States",Oakland,52760
206,14,Sun,2019-12-08,4:25PM,Kansas City Chiefs,@,New England Patriots,boxscore,39,23,16,346,2,278,1,New England Patriots,Kansas City Chiefs,"Foxborough, Town of, MA, United States",Foxborough,65878
207,14,Sun,2019-12-08,8:20PM,Los Angeles Rams,,Seattle Seahawks,boxscore,40,28,12,455,2,308,1,Los Angeles Rams,Seattle Seahawks,"Los Angeles, CA, United States",Los-Angeles,71501
208,14,Mon,2019-12-09,8:15PM,Philadelphia Eagles,,New York Giants,boxscore,40,23,17,418,1,255,0,Philadelphia Eagles,New York Giants,"Philadelphia, PA, United States",Philadelphia,69796
209,15,Thu,2019-12-12,8:20PM,Baltimore Ravens,,New York Jets,boxscore,63,42,21,430,0,310,2,Baltimore Ravens,New York Jets,"Baltimore, MD, United States",Baltimore,70545
210,15,Sun,2019-12-15,1:00PM,Kansas City Chiefs,,Denver Broncos,boxscore,26,23,3,419,1,251,1,Kansas City Chiefs,Denver Broncos,"Kansas City, MO, United States",Kansas-City,73257
211,15,Sun,2019-12-15,1:00PM,Philadelphia Eagles,@,Washington Redskins,boxscore,64,37,27,415,1,352,1,Washington Redskins,Philadelphia Eagles,"Landover, Hyattsville, MD, United States",Landover,63246
212,15,Sun,2019-12-15,1:00PM,Seattle Seahawks,@,Carolina Panthers,boxscore,54,30,24,428,1,414,3,Carolina Panthers,Seattle Seahawks,"Charlotte, NC, United States",Charlotte,72544
213,15,Sun,2019-12-15,1:00PM,Tampa Bay Buccaneers,@,Detroit Lions,boxscore,55,38,17,495,1,295,3,Detroit Lions,Tampa Bay Buccaneers,"Detroit, MI, United States",Detroit,56515
214,15,Sun,2019-12-15,1:00PM,Green Bay Packers,,Chicago Bears,boxscore,34,21,13,292,0,415,3,Green Bay Packers,Chicago Bears,"Green Bay, WI, United States",Green-Bay,78266
215,15,Sun,2019-12-15,1:00PM,Houston Texans,@,Tennessee Titans,boxscore,45,24,21,374,2,432,1,Tennessee Titans,Houston Texans,"Nashville, TN, United States",Nashville,65265
216,15,Sun,2019-12-15,1:00PM,New England Patriots,@,Cincinnati Bengals,boxscore,47,34,13,291,0,315,5,Cincinnati Bengals,New England Patriots,"Cincinnati, OH, United States",Cincinnati,57066
217,15,Sun,2019-12-15,1:00PM,New York Giants,,Miami Dolphins,boxscore,56,36,20,412,3,384,1,New York Giants,Miami Dolphins,"East Rutherford, NJ, United States",East-Rutherford,72894
218,15,Sun,2019-12-15,4:05PM,Minnesota Vikings,@,Los Angeles Chargers,boxscore,49,39,10,344,1,345,7,Los Angeles Chargers,Minnesota Vikings,"Carson, CA, United States",Carson,25446
219,15,Sun,2019-12-15,4:05PM,Jacksonville Jaguars,@,Oakland Raiders,boxscore,36,20,16,262,0,364,0,Oakland Raiders,Jacksonville Jaguars,"Oakland, CA, United States",Oakland,52788
220,15,Sun,2019-12-15,4:05PM,Arizona Cardinals,,Cleveland Browns,boxscore,62,38,24,445,1,393,2,Arizona Cardinals,Cleveland Browns,"Glendale, AZ, United States",Glendale,63345
221,15,Sun,2019-12-15,4:25PM,Dallas Cowboys,,Los Angeles Rams,boxscore,65,44,21,475,0,289,1,Dallas Cowboys,Los Angeles Rams,"Arlington, TX, United States",Arlington,90436
222,15,Sun,2019-12-15,4:25PM,Atlanta Falcons,@,San Francisco 49ers,boxscore,51,29,22,290,1,313,2,San Francisco 49ers,Atlanta Falcons,"Santa Clara, CA, United States",Santa-Clara,70910
223,15,Sun,2019-12-15,8:20PM,Buffalo Bills,@,Pittsburgh Steelers,boxscore,27,17,10,261,2,229,5,Pittsburgh Steelers,Buffalo Bills,"Pittsburgh, PA, United States",Pittsburgh,64694
224,15,Mon,2019-12-16,8:15PM,New Orleans Saints,,Indianapolis Colts,boxscore,41,34,7,424,0,205,0,New Orleans Saints,Indianapolis Colts,"New Orleans, LA, United States",New-Orleans,73053
225,16,Sat,2019-12-21,1:00PM,Houston Texans,@,Tampa Bay Buccaneers,boxscore,43,23,20,229,2,435,5,Tampa Bay Buccaneers,Houston Texans,"Tampa, FL, United States",Tampa,49036
226,16,Sat,2019-12-21,4:30PM,New England Patriots,,Buffalo Bills,boxscore,41,24,17,414,1,268,0,New England Patriots,Buffalo Bills,"Foxborough, Town of, MA, United States",Foxborough,65878
227,16,Sat,2019-12-21,8:15PM,San Francisco 49ers,,Los Angeles Rams,boxscore,65,34,31,334,2,395,1,San Francisco 49ers,Los Angeles Rams,"Santa Clara, CA, United States",Santa-Clara,70103
228,16,Sun,2019-12-22,1:00PM,New Orleans Saints,@,Tennessee Titans,boxscore,66,38,28,377,0,397,1,Tennessee Titans,New Orleans Saints,"Nashville, TN, United States",Nashville,66756
229,16,Sun,2019-12-22,1:00PM,Atlanta Falcons,,Jacksonville Jaguars,boxscore,36,24,12,518,2,288,1,Atlanta Falcons,Jacksonville Jaguars,"Atlanta, GA, United States",Atlanta,70873
230,16,Sun,2019-12-22,1:00PM,Miami Dolphins,,Cincinnati Bengals,boxscore,73,38,35,502,1,430,1,Miami Dolphins,Cincinnati Bengals,"Miami Gardens, FL, United States",Miami-Gardens,60968
231,16,Sun,2019-12-22,1:00PM,Baltimore Ravens,@,Cleveland Browns,boxscore,46,31,15,481,1,241,1,Cleveland Browns,Baltimore Ravens,"Cleveland, OH, United States",Cleveland,67431
232,16,Sun,2019-12-22,1:00PM,New York Giants,@,Washington Redskins,boxscore,76,41,35,552,0,361,0,Washington Redskins,New York Giants,"Landover, Hyattsville, MD, United States",Landover,66083
233,16,Sun,2019-12-22,1:00PM,New York Jets,,Pittsburgh Steelers,boxscore,26,16,10,259,1,260,2,New York Jets,Pittsburgh Steelers,"East Rutherford, NJ, United States",East-Rutherford,78523
234,16,Sun,2019-12-22,1:00PM,Indianapolis Colts,,Carolina Panthers,boxscore,44,38,6,324,0,286,3,Indianapolis Colts,Carolina Panthers,"Indianapolis, IN, United States",Indianapolis,61845
235,16,Sun,2019-12-22,4:05PM,Denver Broncos,,Detroit Lions,boxscore,44,27,17,348,0,191,0,Denver Broncos,Detroit Lions,"Denver, CO, United States",Denver,74115
236,16,Sun,2019-12-22,4:05PM,Oakland Raiders,@,Los Angeles Chargers,boxscore,41,24,17,366,0,284,0,Los Angeles Chargers,Oakland Raiders,"Carson, CA, United States",Carson,25380
237,16,Sun,2019-12-22,4:25PM,Arizona Cardinals,@,Seattle Seahawks,boxscore,40,27,13,412,0,224,1,Seattle Seahawks,Arizona Cardinals,"Seattle, WA, United States",Seattle,69022
238,16,Sun,2019-12-22,4:25PM,Philadelphia Eagles,,Dallas Cowboys,boxscore,26,17,9,431,0,311,1,Philadelphia Eagles,Dallas Cowboys,"Philadelphia, PA, United States",Philadelphia,69796
239,16,Sun,2019-12-22,8:20PM,Kansas City Chiefs,@,Chicago Bears,boxscore,29,26,3,350,0,234,0,Chicago Bears,Kansas City Chiefs,"Chicago, IL, United States",Chicago,62213
240,16,Mon,2019-12-23,8:15PM,Green Bay Packers,@,Minnesota Vikings,boxscore,33,23,10,383,3,139,1,Minnesota Vikings,Green Bay Packers,"Minneapolis, MN, United States",Minneapolis,67157
241,17,Sun,2019-12-29,1:00PM,New Orleans Saints,@,Carolina Panthers,boxscore,52,42,10,379,0,329,3,Carolina Panthers,New Orleans Saints,"Charlotte, NC, United States",Charlotte,72203
242,17,Sun,2019-12-29,1:00PM,Chicago Bears,@,Minnesota Vikings,boxscore,40,21,19,337,1,300,3,Minnesota Vikings,Chicago Bears,"Minneapolis, MN, United States",Minneapolis,66913
243,17,Sun,2019-12-29,1:00PM,Kansas City Chiefs,,Los Angeles Chargers,boxscore,52,31,21,336,1,366,2,Kansas City Chiefs,Los Angeles Chargers,"Kansas City, MO, United States",Kansas-City,73680
244,17,Sun,2019-12-29,1:00PM,Miami Dolphins,@,New England Patriots,boxscore,51,27,24,389,0,352,2,New England Patriots,Miami Dolphins,"Foxborough, Town of, MA, United States",Foxborough,65878
245,17,Sun,2019-12-29,1:00PM,Atlanta Falcons,@,Tampa Bay Buccaneers,boxscore,50,28,22,373,1,329,3,Tampa Bay Buccaneers,Atlanta Falcons,"Tampa, FL, United States",Tampa,50417
246,17,Sun,2019-12-29,1:00PM,New York Jets,@,Buffalo Bills,boxscore,19,13,6,271,1,309,3,Buffalo Bills,New York Jets,"Orchard Park, NY, United States",Orchard-Park,69016
247,17,Sun,2019-12-29,1:00PM,Green Bay Packers,@,Detroit Lions,boxscore,43,23,20,432,1,305,1,Detroit Lions,Green Bay Packers,"Detroit, MI, United States",Detroit,62840
248,17,Sun,2019-12-29,1:00PM,Cincinnati Bengals,,Cleveland Browns,boxscore,56,33,23,361,1,313,3,Cincinnati Bengals,Cleveland Browns,"Cincinnati, OH, United States",Cincinnati,47759
249,17,Sun,2019-12-29,4:25PM,Jacksonville Jaguars,,Indianapolis Colts,boxscore,58,38,20,353,1,275,2,Jacksonville Jaguars,Indianapolis Colts,"Jacksonville, FL, United States",Jacksonville,58472
250,17,Sun,2019-12-29,4:25PM,Los Angeles Rams,,Arizona Cardinals,boxscore,55,31,24,424,0,393,5,Los Angeles Rams,Arizona Cardinals,"Los Angeles, CA, United States",Los-Angeles,68665
251,17,Sun,2019-12-29,4:25PM,Philadelphia Eagles,@,New York Giants,boxscore,51,34,17,400,0,397,2,New York Giants,Philadelphia Eagles,"East Rutherford, NJ, United States",East-Rutherford,75029
252,17,Sun,2019-12-29,4:25PM,Dallas Cowboys,,Washington Redskins,boxscore,63,47,16,517,1,271,2,Dallas Cowboys,Washington Redskins,"Arlington, TX, United States",Arlington,90646
253,17,Sun,2019-12-29,4:25PM,Denver Broncos,,Oakland Raiders,boxscore,31,16,15,238,1,477,1,Denver Broncos,Oakland Raiders,"Denver, CO, United States",Denver,76334
254,17,Sun,2019-12-29,4:25PM,Baltimore Ravens,,Pittsburgh Steelers,boxscore,38,28,10,304,2,168,2,Baltimore Ravens,Pittsburgh Steelers,"Baltimore, MD, United States",Baltimore,70695
255,17,Sun,2019-12-29,4:25PM,Tennessee Titans,@,Houston Texans,boxscore,49,35,14,467,0,301,1,Houston Texans,Tennessee Titans,"Houston, TX, United States",Houston,71794
256,17,Sun,2019-12-29,8:20PM,San Francisco 49ers,@,Seattle Seahawks,boxscore,47,26,21,398,0,348,0,Seattle Seahawks,San Francisco 49ers,"Seattle, WA, United States",Seattle,69162
